id	mass	x	y	vel_x	vel_y
0	6.658464735757755e+39	-9133695593153.168	-2076276569348.5098	852573.4894521753	-861338.559035933
1	7.683406053537462e+39	7792788335935.109	-6202457617654.91	-94475.00288087945	-817880.5992686087
2	4.477066452666561e+39	-2389149531938.7324	9465355898229.79	905866.9044459774	-26883.976756065153
3	6.180088816867227e+39	3103576981033.164	2036247529024.457	-196856.80915269605	-976683.7060618699
4	5.7827798278810015e+38	-7689856005424.727	3643322045356.549	-57411.70509701152	608414.801033153
5	4.572332772404859e+39	-3220206977983.1816	7338829885060.055	615233.8372993926	-776331.1994703356
6	7.549468766979955e+39	2234916054161.8926	-6352269836352.111	941151.2916844545	441853.8889320418
7	8.127186188183077e+39	4995888096394.119	6596579028961.029	-837614.8882682153	827258.9139172379
8	3.390841361410008e+39	1249336792853.6836	2646345498081.949	-65809.18157384242	-819864.3810527431
9	4.741405227467355e+37	5841498665147.162	-2091983222145.2656	-942306.8945138062	-373945.4792265402
10	8.006751921589089e+39	-4098962796749.3545	-2993060774044.1494	-214621.83242502017	-691997.9064470099
11	7.74946799871095e+39	-285695706172.25	-7836714856637.579	649244.2858562511	-293224.11580463755
12	8.516302604516793e+39	-3288091817507.837	5605823987669.805	-669599.1303636613	735528.1950204151
13	8.183279916004085e+39	6190579271060.729	-8024329053283.1	-600155.1979450288	122825.96518393699
14	7.836310999892111e+39	6129051967672.639	2405255492682.293	205989.0330608033	156911.07782350644
15	9.499943083359132e+39	3983766473105.4297	4905953807846.105	44840.163461042685	108992.18347909837
16	8.959536600505282e+39	-1662515613906.9805	-3649162932524.801	225946.65904175723	60602.87127858377
17	7.290168920196327e+38	-1659349187484.8047	-683604927750.7441	87802.79901447054	-204397.7421274539
18	6.752985049791742e+39	-6194805248203.416	-1543872822167.0166	95956.10906841443	892030.8625885746
19	6.910757063582838e+39	2415113692731.5723	-7287844890212.025	-223800.37458555284	-755384.4305656289
20	7.812370841182481e+39	-9250419463350.365	3729092646660.699	481994.5713074738	-68871.96876437042
21	9.9894519266201e+39	-1537169678591.002	4121793860214.74	-704383.7468351813	-550473.07839167
22	7.920112485626146e+39	8172371323468.484	-1257268247801.5752	-570998.4204773589	-475744.9449788167
23	6.880602269457159e+39	-5527117929439.509	9873560845772.406	-460496.7254970869	803692.2859704678
24	3.842129941923653e+39	5079268482694.242	8887944688536.04	128858.07228327473	-257638.40176590055
25	9.919266454039446e+39	-7570801490528.738	-9706186052449.896	-417570.3617224165	487807.98790808977
26	4.7378598490542025e+39	-7281353285108.74	7803356949953.961	559943.7613184352	-802130.8000579858
27	9.540728415777518e+39	6014345077814.027	-9498078319369.61	-691246.5162618724	939151.6762498585
28	7.329599231394249e+39	2461707345896.207	-548807806010.96094	-896304.1301901438	580035.3293650469
29	7.238472701079598e+39	4876633946706.703	3826050478351.008	357212.3137746493	104651.71302072424
30	4.430206412317064e+39	9140943022051.672	-8600363429323.055	-421403.23512260895	-324395.19125020993
31	4.8925083286690187e+39	3030914929832.3633	8218021367316.07	258814.65001101838	432762.41207755264
32	8.535009155150817e+39	1814443657579.205	5436322972991.125	348656.35894879885	891742.0834543172
33	8.963449932196344e+38	2244444772332.414	-9237202558913.184	-113809.53908558795	486970.2601175711
34	6.175937494695506e+39	-6922179084101.13	-5729129760163.299	-183330.69627919875	400077.85915584024
35	1.8841726364686484e+39	-8846550642297.664	7950847288860.684	988548.9401897558	-575759.9581825965
36	2.5850499544014495e+39	1740336813836.8691	4540772408101.902	-605732.0872870111	200459.890460887
37	2.712813845024542e+39	9193397243094.441	8618405740546.387	840679.7292299259	-271518.1593169016
38	8.094104734138596e+39	2760211460267.0195	6531245321715.738	-371829.62462717376	-166681.1263331027
39	8.635746371179197e+39	8229301597562.941	-7193184958745.915	443858.0590768652	-328707.56554686767
40	1.4807017570770366e+39	-8486918912395.561	-9155773300957.633	3453.4035537496675	-418033.5117873318
41	2.6253163424616557e+39	-762218925155.0137	3107528587678.49	-327587.2923772951	969558.998795118
42	2.122358652304187e+39	-1893877799857.6396	2254246261063.7344	19557.59061483841	-467718.27669349173
43	2.0566667228110336e+39	-4917297449064.162	-4488709106771.025	306330.41384054045	-203591.353829514
44	1.5591408021123233e+39	-866969284036.2129	-8338333682012.635	258606.8550686217	-289645.52385617944
45	7.509643674575739e+39	-2243837682178.3604	-9274110576277.54	-583110.4062903426	-12394.213995055063
46	8.188231801597386e+39	-5143195110262.506	7378297306497.746	836192.8878076414	277961.74072065926
47	4.5541710452865207e+39	-7740557976647.748	2578735448845.295	399611.83044785913	178741.60020465008
48	7.247903844085565e+39	7473379499131.709	7260323947166.195	-59468.19075674645	817262.6410270028
49	6.09403662394238e+39	-3978666548270.5283	9794434794132.055	307284.7426784951	401021.47222087067
50	9.523296957775386e+39	9025408715395.703	-5088964899122.166	599216.1640029494	317279.8753930561
51	4.1752718742730555e+39	2863133945833.1465	-6069036129623.14	-550124.9918320738	-526254.6488426982
52	3.7202250541261593e+39	2244010166238.922	7625114578828.883	-950790.314591009	-416130.58805576817
53	2.9335949233387113e+39	-6083470656347.158	-7951219171956.7	219957.2595089476	-405420.6570454942
54	8.883812494509683e+39	8379761245928.48	8337763535144.051	-857902.5333937982	564813.9484000823
55	8.332586458672112e+39	-6818657206488.243	4698701648329.627	346669.1081539765	-522475.88716266
56	8.993746500264737e+39	5936063983908.443	-3187115241607.283	-152820.37174636615	-225391.12502898835
57	9.810370016599483e+39	5072283740816.02	7509594276144.76	-111324.77881326363	9992.056933818501
58	6.506637997735266e+39	-6507861293322.142	-8595475463923.194	179437.9519169263	-55899.85013071925
59	3.7972966607130975e+39	-4264022827277.383	-8585709153568.752	76158.49875156418	51901.808785882546
60	7.1472181254378e+39	-6371445917235.572	-2113438075013.6826	489805.59229704505	-571512.0111355137
61	5.266995402144912e+39	-8105628278226.849	2866262968072.244	-992997.01983161	870475.8968510807
62	1.7698569395470165e+39	6208586134109.395	-7789496610629.685	-822878.6652531906	709173.0001552778
63	9.614480736394928e+39	5468620228381.475	-6337131954649.846	254712.0025148883	121591.7624620907
64	8.918244761947435e+39	-5772132422369.842	1861815585266.0508	490799.9494224037	859584.7754944863
65	6.892557822327958e+39	1277262704396.4355	3178814624498.0938	-122169.7217339495	-965019.2315986208
66	7.06124137127967e+39	9194877634169.91	5021569952838.484	514822.22862648056	807237.3650329085
67	5.146584147863232e+38	4324537615817.4824	-2699411662564.783	652409.6812501589	-565555.3890622437
68	5.454748736258797e+38	-8311543266430.353	480555165071.87695	-367225.1937453102	-170401.10781309358
69	2.6219588780592384e+38	-980245713469.9219	9687355091335.36	407386.1292817963	427753.9326755805
70	1.3211638419091032e+39	-7808261061690.047	3944525132810.455	-356138.10220332386	-76621.0137747993
71	1.3587475028804231e+39	2950091055055.5996	-181984176868.66602	219152.4584864967	155914.83359145257
72	2.2973104724806514e+38	5504333739117.887	-2256485396071.7344	839218.2824408789	142510.28015378118
73	7.973843429157806e+39	906930848396.8125	-2320690614418.157	105452.42845222983	597386.7957890253
74	4.297504356755618e+39	-3732281893605.2783	7382974919187.76	-687164.2980075672	-603734.0219440461
75	1.599425853686386e+39	-9089561470568.326	-7895140425082.163	702282.9778546512	-124630.02133430343
76	3.522948764604561e+39	35030553093.240234	-3765658937116.4277	-122652.72201837867	830877.6515321569
77	8.347518180355492e+39	-5872593096539.676	-464919781682.7246	465706.71337735653	-279368.6769672128
78	4.3824943134581597e+39	5552163667674.301	-7407571612403.773	632311.5341400246	-851407.0263035123
79	8.814170112381637e+39	-7475355891249.512	-6907461061919.722	-24688.258135152166	-991966.0537534824
80	1.7603739300688614e+39	9400833274339.008	-3221112957687.495	-746338.8216766815	365527.55511427624
81	6.228675250929603e+39	431179171933.30273	-859253659175.6055	-761177.2121769281	-803877.2380816217
82	3.3197309409672436e+39	756132443023.4961	-9509361639599.967	76818.5856994472	43210.73399843695
83	6.416943944016665e+39	5003286293482.25	-3576890998015.8643	-520011.49415764393	-167102.64240025706
84	8.007735008204205e+39	-4814131357407.609	-3195660135084.089	414553.5620849121	284305.06511626765
85	5.362050034899333e+39	-8956148674617.64	117382367793.66992	-108056.14221279544	273674.5069356628
86	7.791214695632243e+38	-1810011335474.5684	9202990416325.055	-284482.4050479346	-627233.0732100924
87	5.501457490926574e+39	5378293151124.469	6868674059980.617	454851.05684792483	-750421.678369243
88	3.865313847566715e+39	-8733794267868.617	1831505813099.539	-877916.2345741383	-204204.24234216043
89	2.895916076388595e+39	2876143032745.293	5677861068743.924	421334.21560269734	540956.0324823845
90	2.807358184485447e+39	-5331888581814.89	4472105806026.463	69724.652894167	-990911.3241416911
91	7.444811768549175e+39	265091040514.00586	-8469596331218.152	-446614.1008653161	-651983.659191248
92	3.405940663450747e+39	-1786406764099.0264	-999205305021.2246	951608.1873231234	687794.5159469259
93	2.6899347041393508e+39	319478750135.7539	5190698699572.0625	193176.55671680556	176574.76354166772
94	3.2983658151473706e+39	6464434131386.859	-7246696517215.271	117394.86746202456	441525.3720290004
95	8.041609068216764e+39	-3680408483261.8457	-8657801951660.624	597885.7250455981	742175.80122299
96	6.374188847243592e+39	4884273117943.74	-1606255697442.3623	380591.35672840616	105975.99018131709
97	3.1534832929509e+39	4347754244992.0234	-675161819046.5527	42663.6484938052	-732940.1235462606
98	3.8958171514803146e+39	-4039659059163.0234	8943159865672.926	181682.21290173545	155888.7746963054
99	6.458325031934065e+38	-9209906968874.016	4168676363958.4727	592555.1048252722	-855631.8449505076
100	6.525660997950069e+39	2817095350338.1562	5961520724987.227	20237.140378261567	197002.0721073337
101	5.725165242476693e+39	4634660160355.521	4138346343527.2363	683765.4291133729	750280.4265920233
102	3.290764425057815e+39	8184746859789.93	5184344532653.135	-343217.4226095916	972929.50443225
103	5.307572780766279e+39	-4107223071926.5225	4779674116228.35	-68652.18106225866	-485762.99173952406
104	9.179071499087685e+39	9318490698907.371	1957851269731.1426	749739.3817757485	-820992.6023394354
105	2.517315039396071e+39	-1473589791158.128	2428987517932.3574	-736155.0357412312	-40516.19103352947
106	2.1214924432702887e+39	9930533673352.367	-6017368891214.055	-971738.272284407	-150635.54600980633
107	2.611278779916536e+39	-3758805286600.371	-1593919609984.5068	-327831.57656197995	108485.36292082863
108	2.910935662902081e+38	-8477598231430.268	-4495598785517.231	702321.6234956353	937095.4494445066
109	7.410214606465685e+39	5417090292207.576	7161553993307.721	403138.1104015277	259310.6732436691
110	9.7131094284635e+39	-3425815985602.5713	9499844766100.367	-651990.877249085	-576247.2604033793
111	4.9074323895390594e+39	5806878072615.336	-8023088732387.5625	-762675.4349722344	-887607.6004960433
112	3.407448947239101e+39	347061835987.1367	-9816260490366.242	-207896.6833666556	-257842.4219436664
113	9.050502309149095e+39	-2312392405407.338	-2998156064906.1904	-54715.11293201381	-661868.3556971712
114	2.5890243034918603e+38	-7400686551766.52	-1590590815587.8574	803308.2180277852	-453199.94054799736
115	4.1769381801694683e+39	8563209541154.844	-5698593560394.85	-837524.4585707231	852859.1802725862
116	6.045453224996059e+39	-117304293618.48633	8996827219511.492	-184422.26097080437	-328848.7125717241
117	6.545898033173448e+39	-2076234182525.8223	-5161580917859.017	780091.7572361166	320407.0457370493
118	4.5834598724347275e+39	-4975215982243.373	-3261009787264.835	-680743.4919367501	675380.0823798389
119	7.262097961328074e+38	-4089811538198.8955	-9859853627132.361	730759.6763409954	921625.9558780582
120	8.931021795326308e+39	6611659724280.791	-2599434608573.461	-291852.4549781048	839153.5346664356
121	3.3250833711085595e+39	846306848741.8906	-3223424841885.296	-7167.030523320194	-221429.91474163893
122	5.1238655846574334e+39	7941043827034.465	-531646964476.0488	629289.3085592147	834631.7182933893
123	6.552615370975391e+39	1884139666546.713	-4935140602965.629	171596.43630352966	-549093.8290638835
124	9.576937803306407e+39	9785887148637.094	732144939779.5801	-277688.1326298461	327549.3551255297
125	2.0534237555999092e+39	4444548664988.252	6681453056102.693	251093.4750173681	-687949.148420973
126	1.0781887665497614e+39	-275284051449.2168	2388090792285.166	-275032.44472520857	789758.8230246436
127	8.5861319646895e+39	9263656845598.117	4793582655057.158	706498.826418675	-716185.1183488612
128	8.739047970381635e+39	4323625691659.074	5304897687410.494	-188346.02077299124	-650189.530019552
129	8.5451064548037e+39	1851111568134.08	6417634599118.781	708228.2453095696	-627915.7529716624
130	5.475383185031632e+39	-9713110715675.588	-1084805372311.6348	-222322.01933722838	-658291.7794269916
131	6.258234888510419e+39	-4332180774698.617	6849757293553.857	244823.31339403195	756621.1123418349
132	2.498879444256984e+39	8965833333455.855	9060353237812.688	401987.8279838802	751369.5939082825
133	1.4199449355444505e+39	3795212650979.801	5017524668726.744	997332.2889393291	-590323.6621479276
134	1.1956787592607776e+39	-3122659580969.875	-3983424899803.536	-617198.533883969	717173.2513100142
135	1.3305122512099689e+39	4627326709398.404	537902461228.2461	426357.733285106	-307521.76929278346
136	3.0475095676249123e+39	-557842847799.4883	-3066852704785.6807	-415487.9908034464	321702.26105271094
137	5.653021562776468e+39	1991140595351.6504	3623773185441.707	-391452.74216472777	-753568.2560080579
138	4.3828585907983877e+39	740954306594.6602	8756970075372.82	215182.41495949542	445512.49596085795
139	2.8928221348913488e+38	-6774284769450.829	-5832971751022.38	74898.51998042827	-957534.1326094961
140	4.1483076510364535e+39	4247935980829.752	-4346140157006.7373	-178327.22377383488	724094.6629871235
141	8.116767686937863e+39	2271242576121.76	8641078232193.41	950504.9175287106	234642.397665262
142	1.92503015888845e+39	6379813791859.279	6479421810566.908	311422.22850840096	-840497.982415387
143	5.55936009035559e+39	-4460666872652.037	-5190380629014.211	-303791.9643690352	502647.6840360514
144	8.412260837832119e+39	-2030108405195.628	5690922167114.658	858383.9384966476	221685.92553433636
145	3.2881773846498374e+38	-8937577443201.164	2289201952520.295	133633.05287922057	-41242.12653820391
146	9.635491247451879e+39	-5514582198846.578	2706972643938.3125	456796.523240509	-711465.1751863883
147	3.6791626413742284e+39	5190750860752.67	7072093905733.184	708853.8866513239	-33520.37146393757
148	5.2215525707289914e+39	6776706199948.205	9966100017127.594	-538442.738128934	-646084.8509314421
149	2.987809503876149e+39	-9312731444224.846	6248705770561.033	-395437.4741114526	-216121.07616805937
150	8.34145229343997e+39	-7582321732838.207	-9901001475012.707	695280.2263258258	16122.39263092773
151	8.396690965392681e+39	898126776617.2324	-4567696498279.994	885614.3895315961	-261606.2924217917
152	3.496837881503087e+39	1255589734184.5098	-1397212198024.167	842692.7616021037	-601334.274552177
153	4.1917783231314325e+39	-9493713287644.896	-2041220690251.2002	-832791.9817238343	25644.05331828643
154	4.091611365576955e+39	-108682737658.31445	-3088303223590.6514	850200.1943613845	794217.9432811388
155	3.161733892178281e+39	-3769249653373.5693	4730914031568.068	-40017.97201313707	-270301.4495901279
156	4.749319460270128e+39	-538134109968.5	-8393867236597.818	668385.0305671855	664615.8405007997
157	8.629025916288184e+39	-9335939606964.56	-2931624081936.4814	-66788.72622133873	39582.451193972025
158	9.02906788620577e+39	5153615938936.549	3910020551107.918	-179886.52489115717	-835290.0731713395
159	4.1456809176487223e+39	2273388648167.4707	-9098566713745.715	-545755.5402760108	-855625.3273433873
160	7.86118076995524e+39	2641329319044.164	-5234531448611.175	-383123.41486363194	683681.0772977523
161	4.4955392969673646e+39	9161446920702.273	-3912670495626.034	210838.46967234113	-317823.9811562322
162	8.465930451011087e+39	-2315258026032.3203	4905493020051.764	-780435.1744463065	-848595.3705270435
163	7.442928846880359e+39	6097616507093.266	5548952666235.006	-44855.356642249855	-12301.489078295068
164	2.0887432046413636e+38	-3212006470361.6084	8874210781688.55	591532.979891167	-771882.430614623
165	6.561317731918478e+39	-1257111936345.7383	8986119242098.648	-101472.69246222533	529200.5182986013
166	4.9851190182112183e+39	-9776927219888.166	-8132576064951.72	968870.7301664178	-115091.27453786228
167	6.821055166830876e+39	-9390020299569.469	-9907833595670.033	695686.8756247056	463477.25855163205
168	4.33874839914985e+39	-8410056721507.941	5578543538305.184	-282000.16346983484	-33209.39753456309
169	9.438129571577518e+39	1231819886220.0977	-4005451600646.5723	14554.934811013867	474091.5008399489
170	7.633278526121286e+39	-2941612487940.617	-8946080342862.877	-116545.07225809852	-951512.5605236896
171	4.939720939943266e+39	-3307403490617.591	8480140805292.734	903938.5945085792	887768.6605013704
172	4.435577248987023e+39	-945610293354.0664	1244227750292.1973	-830933.4368317387	194080.9464320743
173	7.280769060866387e+39	-7351212197707.766	-6646790986766.678	-49615.78088278882	211797.04022896383
174	8.042934998961776e+39	-1910152032314.3428	-2690068162866.29	545931.7769126352	121263.59621516662
175	6.325559580056604e+39	241792966240.22656	-3589484912365.126	123265.15755152074	-471574.43132177286
176	3.205879713142397e+39	-645840812840.0879	-9910204473454.135	-897439.3283257665	-675926.7822013821
177	2.238253813899177e+39	6481340317655.396	-4173843905606.7373	-234360.654115104	-873576.0659203283
178	6.38108692066848e+39	3570963336083.5645	-1114087591980.2812	-307741.2739400655	708673.2790420561
179	4.522921606087244e+39	9476600635747.46	9733382976537.059	-70657.42096891662	690059.5461794364
180	4.503300427301682e+39	8397666670590.059	-1974471032486.8838	-840867.3826030262	-173258.35791882244
181	2.2671214487518466e+39	345319345930.1172	2418322559556.008	-404859.549115194	940224.0903525152
182	8.091801421073311e+39	-4340236716714.5625	685321627786.7676	966231.4374654053	-267972.77274575084
183	1.0321380617755483e+39	5095933730279.381	-3396722434915.8447	626505.8499781562	209037.0255959998
184	2.2815618817870986e+39	-7548719584846.652	-7007527571064.744	55999.353005199926	162442.78950843657
185	6.990454869382908e+39	-9591920822459.732	3519371239499.211	-312091.3736041817	-652569.8523444517
186	7.506478773508635e+39	-1195355889636.9043	2476408067078.0137	884743.4467775624	-609344.61432577
187	4.162293553426949e+39	9362528742469.223	4277911851887.2246	420526.3312389285	-180722.11089215614
188	2.028670632445626e+39	-2133000572776.125	2498562923845.289	-840282.1734867238	-756774.7645665328
189	4.1550349402704843e+39	4390086350539.1113	-267023681327.95898	-630654.4681620052	11851.784793841769
190	8.841717291788792e+39	-5081036948942.534	6323278406136.146	-71589.96354112506	-71181.67369732005
191	8.614170924789854e+39	-7913987262955.467	-1094832522172.9199	-474025.2767551545	-767574.2816103545
192	2.1152199919523374e+39	4500903430554.998	1308767702612.7734	567617.0500731454	66503.36630989518
193	1.0725707595099487e+39	-5492325121129.96	-1047962470915.3105	-707447.9325162757	-863565.7160710051
194	9.924155400091727e+38	-7193718470315.471	5889966928510.219	591346.2633713877	-90338.05200728227
195	3.9671470751469655e+39	2625368598204.0586	658728016878.3789	-931312.401962187	-906066.4347466916
196	2.314665610404516e+39	881156510464.7402	-4599691864463.507	-456020.11106059526	874848.3813445282
197	7.28877809251487e+39	343226057590.13086	9089884840477.172	-469790.2629783837	158631.7088208571
198	5.042600761177348e+39	-9675151337656.596	4984232166871.621	-942143.9082511802	719831.005197204
199	9.924602205095707e+39	-6852571660669.133	1871417732675.6758	829300.7654158969	-603273.2039375284
200	6.504263444573221e+39	9491942888711.004	-6186554457624.512	368244.6422524955	514508.3491463582
201	4.844895870403919e+39	2030199314692.537	8176001620931.664	148532.21900909953	-757544.1279725758
202	5.150955632835344e+39	3602049527157.385	8757261635829.594	61058.92223872873	-578761.3645097258
203	4.866303437928756e+39	7555918377401.865	9142971959852.395	-289123.2773782824	577420.8131001359
204	7.649022497040564e+39	-4402262939208.13	-980159685333.1426	514223.599774427	298233.830450966
205	9.035853243111378e+39	-2599872327311.623	-5281280374200.912	-458743.27019983483	271735.85425474914
206	3.7363944918740237e+39	-5501699545457.239	3722374716688.885	-634990.9337168813	150291.16464617266
207	4.305463855460021e+39	-2538503132776.1777	1248970926344.2832	732999.0178391228	314574.7404805783
208	1.4898624276766902e+39	3970825287849.1934	8426040207552.773	-334218.54112766194	-887925.0558215787
209	5.342528447087102e+39	-5835225444975.791	-5702602147434.97	201070.29754351196	634607.1938522595
210	7.536610382663696e+39	7220551334532.533	-8995582126517.104	-882713.7356079055	304385.5144577066
211	6.18313455214442e+39	-1886292478985.8623	3984143341899.8066	-884379.3491314056	107258.0226968485
212	5.992227443562192e+39	-3596019712791.5186	-7339519312532.292	-665733.7863093135	528607.9756570666
213	9.181306449861328e+39	4706493397694.309	7393004631322.373	-97103.92180457467	403279.26558189397
214	1.9948035999326963e+39	9485626006152.465	-1864388558275.6895	322712.9040711713	377907.19075303944
215	9.236322155113505e+39	-5066496826501.778	4781431901940.441	24333.67803440406	-16887.69644658512
216	4.712289096252452e+39	2529057696938.049	6076556030543.361	994795.2927954395	943046.2345939262
217	7.820125920384502e+39	-5665261022715.676	-109019562880.71875	-966453.0451377035	427716.4778328431
218	8.085385239530549e+39	-6518143183661.617	1393172740179.791	597509.1450102506	-89157.79826065374
219	2.4780480211409883e+39	-8511537130057.824	-5708166789136.617	334562.37189195724	850212.8531288272
220	4.168389802268769e+39	-7376540583186.56	5238974467313.904	76933.28286468633	-380560.4456649219
221	4.289618975464106e+39	7345204520971.684	8914052580293.36	-85395.4602929306	976836.8560160126
222	8.878270880735699e+39	7963579881790.809	-5886120090074.631	-818317.5853420526	165439.82434021193
223	6.76986400573151e+39	6750507764480.172	-1464568871590.5303	-198988.83257098251	-173676.07919449243
224	4.140630218981819e+39	-6603751826036.842	2670709582556.658	274750.21960942796	151309.738398253
225	4.461457950684757e+39	-1439593277019.2666	-9782917567819.188	-761135.2449054813	154452.21724999975
226	8.322215229641158e+39	9644160474310.68	9812378673649.027	-622638.4087677445	194495.79610002646
227	4.441414370218368e+39	8018377411857.309	-7524109363236.262	-635786.1925484724	-16494.415191208944
228	4.531876860851647e+38	2761053724154.756	628197141274.6641	160435.52564605488	-507455.3947143488
229	3.536817360842459e+39	-9273422187996.805	9417872044888.895	-475005.8506598576	-479942.40620276105
230	8.533010912404643e+39	-3944805197800.294	4755090226296.432	-283304.1307121549	-51202.6127913479
231	4.139014069462497e+39	-2912723847864.0625	5565748829113.484	-782020.2465883069	-90613.49115035532
232	1.3149525243032789e+39	-2420038457706.157	7519186703683.014	106569.63471556292	-916496.1494456014
233	6.355206159529843e+39	2539322131947.5547	-6894862439045.461	-646662.6334989078	66061.62766180141
234	4.8845077104914296e+39	-3319243512624.677	-183640600999.39453	577156.9457744996	600272.8225598154
235	2.1686759123960708e+39	2407115700427.4766	-9411236903016.209	-612419.2755485582	622143.403690232
236	3.993619999182984e+39	9429347501738.418	-9789487144113.87	-725153.1418875263	-551698.8171941896
237	2.756868489896569e+39	6771145074632.273	-806398667126.7598	-216829.776190846	623326.2301795217
238	9.026415945331033e+39	956791532687.5996	-5310635659799.092	-262089.06997501338	-424162.8062067104
239	5.7886723935287714e+38	-7734872832568.669	-5574303540817.056	-678329.8731331369	916208.5394057543
240	1.6055141644141014e+38	-5805851778969.826	-4953893654056.081	60449.732633373	-634002.2939845882
241	5.3994810193420044e+39	-5983964321666.93	-6843142532631.876	531595.5068004241	-480351.46918292204
242	5.712580155869746e+39	7286245524118.086	415950169426.24023	11351.44926247932	-109855.23239864944
243	2.078239701065774e+39	-4453142771881.355	-5339308578580.935	940951.1369852896	-369382.7146186861
244	6.197130187929922e+38	-7101924568895.064	9207458026150.426	-110956.02629733633	-550522.8048488521
245	4.0825121750786795e+39	6797761788383.639	9405239746246.012	-256040.92243414687	-447007.2819936357
246	6.282674360058166e+39	-5690435743065.086	-8210038506070.238	524481.3771059569	-591669.9704393618
247	8.686593701309548e+39	5135915339091.697	-1670847160342.87	851737.7857991108	321614.5950381686
248	4.00826847488729e+39	-7651347348763.629	8607157176434.906	309789.94555721874	-945380.8752996229
249	6.687345613879024e+39	2889976156186.9883	2641107218018.959	19374.039065944962	-76001.67674306419
250	5.86481083309598e+38	-8925623718568.572	8573321065930.957	-343424.38763612136	-202965.82692567178
251	2.090208258668237e+39	2640092708421.3223	-9121801912546.246	-375120.6592947119	638790.1661957654
252	5.144058683270966e+39	-8506653155228.734	7643034713009.543	993362.037640505	42701.85007239459
253	8.11900200373332e+39	-2932586096760.301	555177784618.7129	183449.5614887604	447235.4690547965
254	9.657884279152279e+39	-3841354126619.8955	9383352701426.676	-364108.74788414757	341440.7651595946
255	7.5625835334466e+39	-4711984451607.843	1284254353474.0098	501111.24123623874	42144.455864345306
256	9.928378019475223e+39	-2485052687084.5566	-3901108036959.253	136.7905975257745	-210906.1022619116
257	1.0388247811284291e+39	7772489354792.316	-7969438572904.572	-890651.3445536753	347983.9161019481
258	3.18709260985613e+39	-7790469760067.054	-6969393405405.804	-382055.6028695293	-77242.36370114505
259	1.187222474759665e+39	2883925043504.67	-7397012141678.273	-222282.45860514592	632250.3697727276
260	2.1480117474285677e+39	7610380527031.422	-3868012180363.782	970191.5505963685	42846.876620506984
261	6.545478336727397e+39	5273727721885.416	-3106582700660.3184	53440.08546032477	-603693.391112196
262	4.441962972122814e+39	-9221141488807.71	3267034114296.287	-580606.7276784289	-781342.9071086477
263	2.59116139016639e+39	-5095967140208.195	1077150611320.9434	804697.5003619322	-847464.7551356782
264	3.837776135602312e+39	2451418094825.455	1564327572398.3965	-344065.92308861006	-882527.0500146851
265	9.111151589386714e+39	-8884241808390.236	7028281436388.332	71347.13572539482	644763.5938509768
266	6.202149413665395e+39	1218004278783.545	6527605021811.072	440924.0442358651	835191.3216393921
267	9.531032391532717e+39	-4164074989059.499	-4290241515977.5195	900450.7841063056	-79841.36765719834
268	6.656794760601183e+39	-2128890705890.7178	5203894776771.354	-722212.7824511928	713727.5425816532
269	3.312420134291383e+38	-4259911756721.1504	4208949904609.752	772492.7635967291	629978.8156134512
270	6.281297040580869e+39	-1298212278593.8115	2949759071923.914	-5434.7599850000115	755371.5108633873
271	6.084401566717263e+39	6415974273370.16	222566302309.26172	932712.2171390897	-992765.7410184805
272	7.032650838399123e+39	-6375428234202.932	4219474402878.545	-366713.22290149645	785337.2945517879
273	6.545615696482558e+39	6236556496260.441	686107611217.2461	572616.6236075913	540794.2417318318
274	8.292437277029833e+39	-8332913449310.031	-5682482925038.846	244560.90400079358	-263631.38919667376
275	4.4572193862841104e+39	820384865457.5664	-8320231792140.622	927632.3654400643	810923.1901687158
276	7.702007651365523e+39	-5272881652632.495	-4306683846436.243	-890666.2858132173	-161812.47349388665
277	6.324808133911929e+39	9002744935741.02	2905360679901.1973	109579.76682976563	-906206.7150442061
278	1.558290077302391e+39	5139689070333.363	4533891502105.152	412824.819929044	-765637.1090382307
279	1.176142948653054e+39	-3013761744974.879	-2669559794886.287	-214647.18494263547	-44766.31886360538
280	1.3732752277417206e+39	7838842077701.586	-9449829805757.686	-877020.5747824116	-659914.9845939502
281	8.630291773189858e+37	3845310562984.3125	5220780612367.541	64387.3935963565	-245201.45292838395
282	3.21893556487462e+39	-4190242636274.04	4243642483658.119	-446628.46912442066	-256946.78638669918
283	8.898739039890069e+38	6189851439602.783	9650192519570.273	514602.41287921136	-251777.22607425658
284	8.591542034642066e+39	8175010026795.105	8793146711961.887	-459675.255486315	-865943.5484433146
285	3.592902641433946e+39	-750263915738.1758	-7586741643491.924	-811240.5127677915	356108.62197995465
286	2.1366217295238377e+39	-7502693923564.441	6720636069761.523	-105035.24201974424	-713455.6269209126
287	5.229823567853831e+38	-3257907696594.8887	727282813493.2305	-331801.25847414637	885408.4248933373
288	1.8236442428698565e+39	6771236036367.322	8182123409611.328	-506580.88865882833	952488.5927188073
289	4.352402605981941e+39	9758035056883.426	189980650733.05273	-589801.3425153672	-543228.1501079812
290	3.7671733883714986e+39	8956347748042.352	-3804219969224.9707	958349.8313605615	-126851.42296485521
291	4.68266888315493e+39	-6638779658266.796	7854033022246.012	-882421.6449255515	951012.1673376025
292	4.3635356911966404e+39	9430174497378.617	7658509929017.266	553797.5546646598	-79862.14002687845
293	4.2632104756190213e+39	-9963053070286.746	-1901130022642.7715	-777071.7672690446	-200613.97057528095
294	2.2681446751482203e+38	-1193947618085.211	1956917370471.7852	833131.980298813	180950.15974937542
295	5.11158234895201e+39	6992796758745.336	2471933687525.127	-29414.824043111992	669329.2347575484
296	2.3984695226735697e+39	-1786298325134.037	-3135459844636.6367	510610.5494413271	-882525.4383598245
297	1.8004724419034602e+39	-3830350372529.5205	3051809086290.8184	-989787.1303439519	-46313.914810020244
298	4.2280881491429604e+39	589078716055.4199	-8059214788422.711	-225585.4365018541	443276.0378743361
299	2.8138268577119466e+39	5226060299574.09	7567367808551.451	274063.91809233674	-491844.60930319474
300	5.0001856881565987e+39	-8012243335184.741	106941579418.82227	3957.899260399514	529650.8917413694
301	7.643647668816372e+39	4248767030772.008	3740192129835.121	500113.84599459986	675979.1751707369
302	6.806321390810203e+39	-869187024716.0391	4462774136456.717	199887.75403281604	489543.46916320757
303	3.808196477705918e+39	1725465046019.0684	3437706553813.9355	209846.68508455344	647153.4909447411
304	4.849708275696531e+39	-5917563049741.823	8101296416814.488	174727.50755938585	-68971.45334171446
305	9.235320981782663e+39	-392799172373.3906	-7581305750569.607	235725.98856901168	-388888.7192145935
306	4.8344553598481536e+39	-9138022661102.484	3097368476415.2715	607098.1696319047	680169.4715833005
307	4.869348853805815e+39	-3058320192300.839	3430929640815.836	-657677.8870862419	-166373.85250587377
308	3.621032620326169e+39	1149558325144.5645	-7801630333709.943	-353233.2573748989	867449.6123207468
309	2.983742236497665e+39	8544770766441.148	-4343164662602.8564	260184.71205623937	214834.55220828461
310	5.190898594259366e+39	-4609508591708.242	7003478872548.865	-440864.06908085383	-515208.9044126946
311	5.765963967289257e+39	-1402977562960.705	-7666050150812.334	367552.1105384852	-930638.3173791482
312	5.716793150905527e+39	5906725418866.221	-1903239417514.0781	7806.098658720031	-823560.642289691
313	7.173605438943147e+39	-2834630370910.329	2100796275024.0586	-541555.0823374449	506053.4193760357
314	3.702702806265087e+39	2714168903869.4688	-2959570763915.542	-605924.6059020169	-899824.7347489205
315	4.464064249680376e+39	6824926373422.59	-2471210908039.616	707153.8538517768	-946151.9615065572
316	8.925871708101584e+39	-1235199061888.9102	-1097312828190.918	731209.274480781	-999951.8943866492
317	6.402609601231755e+39	2531919027536.0996	8699638566637.5625	-514260.37493944674	50610.32880423474
318	7.412853658367338e+39	2101334663851.0625	9681989947368.863	-950143.9009956827	-51249.57972084789
319	4.9925892354827865e+39	-6324821411252.19	1707512927423.5156	-683609.6573662484	341076.8676317381
320	6.106359330683775e+38	-5064329284134.659	1945864331596.5332	-756131.5228889745	909207.7111126934
321	4.238967890868708e+39	5721899171128.846	-8083692767849.42	530632.9267441467	109299.79518817738
322	8.753005379605985e+39	-4669556522037.279	780106434536.9043	592008.4278934484	-779266.9933088114
323	7.990757152168345e+39	3954591238825.834	-2627357316472.006	-750667.1628589298	275778.1988782021
324	7.542858939644659e+39	-9198013579924.576	6637537294634.123	106427.417442034	542710.163356402
325	3.6132987809868436e+39	-7348949978593.146	5423824842852.857	496039.5357890227	230349.1795519162
326	3.106083376256117e+39	-3294912270331.034	574043687708.5371	-791908.9511263135	-821921.7823480369
327	3.590900089100514e+39	-4758351290335.44	-8379114543763.555	-773284.2269208995	-286364.87532176496
328	8.409599554544295e+39	-463170312004.5547	2107735206679.6797	-443314.98501248064	76603.53763491823
329	7.464623900926492e+39	8373549925979.379	6412713714688.916	773845.390036108	107333.06172584556
330	5.1637180329941214e+39	5404446105347.084	7614304802137.578	996088.9002412818	-761901.7925320871
331	7.445828167939364e+39	2642531271843.172	6386438714533.424	952410.5062422061	174911.51841818844
332	6.707608063064185e+39	-5188429713409.051	-7154661777872.393	179547.41992960614	-713585.7016261822
333	4.180389272700768e+39	8635338913636.059	6733499138535.836	608134.6466545113	-720969.7058262827
334	5.4560636226036685e+38	-2393578303449.7305	-7452525723882.834	998103.3639201769	983325.8350151472
335	1.8918901351515715e+39	5381104587369.93	6961329122040.844	364763.50950421044	118097.76522030868
336	7.415449398147197e+39	-2227874643395.2783	-9918903269865.934	-459199.47176098265	465536.75591551163
337	7.325977614524093e+38	9398963553247.152	-6034968897700.559	784009.0423529977	930488.536935417
338	3.801070562592677e+39	7740925799040.121	-9248325727087.91	142013.39639478968	655114.3682777283
339	4.414412682060266e+39	4132314634902.914	-656446425416.9238	210559.5521824807	129010.19494502549
340	6.064098015361407e+39	-2884370085903.5645	140506556965.54102	726338.7619877965	-399814.5338009427
341	1.3198128320647796e+39	425577696526.0137	3395105540531.133	-312664.82674686704	753922.872619407
342	6.009305376756721e+39	3486591683904.832	-8703442570212.547	-341516.32131330983	-714422.9176343386
343	5.127467461660883e+39	-3801973275876.4775	3506179332031.8555	182224.23872867553	734868.6490983176
344	4.060632698022323e+39	249313130160.51172	709806460964.7266	625760.3315301549	467566.21115168906
345	3.7680302604260755e+39	-2027864966797.499	-3628472812614.4873	101749.38731189072	-241503.79204322305
346	5.937083492409849e+39	9080805035854.492	-9227551389101.29	928335.6045824776	-599923.455674156
347	3.5468475434309655e+39	-818377733065.4531	6922497301896.779	978058.3141596797	-700958.6718833722
348	5.310796994426131e+39	-9337737354535.947	3070360825008.4277	353120.8584742402	993853.6382413136
349	3.503292642511661e+39	-8620271367020.162	-7386852671627.135	601029.3903096397	-923887.4418140819
350	8.731825519160825e+39	8258781254222.918	1038301936814.5137	959474.7207880255	-563952.1926594605
351	3.95686421020358e+39	791196485676.4492	-5937634504688.492	152424.25165779795	972985.2005277202
352	5.91878622273598e+39	1155543553323.1016	671023946635.1855	-655563.8383673041	977215.4086977844
353	4.3758659206332354e+39	7969172064835.055	2762408792019.92	558074.897830365	-749269.0398962722
354	1.2820896175385888e+39	-4091511722429.626	-1069252792116.6172	510886.4957560189	96842.8322245297
355	1.606454207986825e+39	-3648685761207.8213	-7576931916814.684	-87605.32976520725	254474.1023318919
356	5.822947925466626e+38	-1155086101883.8066	6167969527315.689	-528684.5149393724	401202.53306436585
357	8.695907120286439e+38	1938381470271.791	-4864586602500.345	169691.52122606826	-931301.221700031
358	9.68279738023849e+39	8029784606750.629	-7175827854578.738	-867274.0794791438	349037.7640473489
359	1.6547833871701734e+39	-7617213997864.474	5240418339065.154	-399655.44867095177	187989.08353931992
360	1.2226549479297344e+39	7122480253302.5625	7291287859988.793	-424828.930394209	387846.27565421583
361	6.13329184689098e+39	6609134111959.074	2907687136105.164	396341.73659441015	-694627.5372421416
362	8.033904201088966e+39	-2889211410730.616	-2932649402693.337	732473.8011249832	609267.5484083071
363	2.3570877616431685e+39	-8864149424252.73	-2790187136985.5273	-916703.7261324602	929371.4571546903
364	8.373157151973329e+39	9934648584721.273	-7579444327565.121	592985.3274844151	-910575.0734276786
365	6.50903298926587e+39	5076320328891.633	-8937662720985.084	-386287.66111540364	-349319.77936051134
366	1.2225503446667186e+39	-4074382035467.1475	6025433887655.307	940000.8813620033	736644.0011273434
367	7.840716735197277e+39	-2591235220569.5273	-2456721645579.8516	-424164.26075257594	735045.0360264531
368	9.665168821281633e+39	4239835327781.8633	2894274871991.0586	861462.132068109	-973055.1056670204
369	1.0238064357474897e+39	5655190042190.348	-9462103801749.584	-902629.1874550591	912911.3648118386
370	4.0821582859069773e+39	3066196039091.713	5214753245580.992	155238.62599197286	-564780.4009432351
371	5.733245035863819e+39	-1828552117852.96	6728564673088.854	-363711.6761623798	-755640.1183343683
372	5.473047157416033e+39	-6471725460340.567	3573931693563.2812	641971.4181285934	-283078.90662749123
373	1.097243958385199e+39	-2152946893154.6748	-2500340549704.381	244154.51052655908	-419734.0661751196
374	6.497781441794792e+39	-6713895237051.193	-37726544263.16797	-59320.69770822814	-326625.6741463414
375	8.251170451314222e+39	1555834525286.7754	876910332452.3496	-627833.5540928605	-579004.245558375
376	3.705033663509785e+39	-4034112283747.366	6997299234199.791	541506.0390941377	739428.1078446482
377	4.203615475005154e+39	1965880383674.6836	9976721180907.082	-605296.8077365073	264789.16149861715
378	4.9560934193145525e+39	-8985370408441.037	8484998608000.98	-563268.5039880876	238744.8424853729
379	9.689152576449203e+39	-6317143020556.055	-1212324355930.3828	-989656.2188933602	-112748.85484975437
380	8.618476580272946e+39	-1378742575024.245	4328215581004.621	-902114.7889501741	785927.1338638905
381	8.994355994133244e+39	-7864615952803.928	-7822003514224.636	-433145.9080380318	277068.55805707816
382	8.378362164213663e+39	7793475945820.879	-5076259502910.063	-881697.7229933778	175802.98037962266
383	7.08034232888758e+38	-7354836653145.946	1821567050326.8047	-343928.1419702645	81120.86115859332
384	5.436617921347784e+39	-3648161220757.0176	391577103240.2949	556406.7602674444	-158293.68611886725
385	6.432582461793066e+39	4228264743252.047	-4784203783362.411	-799754.7889910283	-821863.7547366192
386	7.929144420092087e+39	-8219076937472.683	-7093549923302.529	585820.4163627303	-112796.29956687125
387	6.869572797895695e+39	-9913249288233.658	-8668343855039.129	-920870.36937953	-808785.1171175799
388	1.3188691864623903e+39	3104854643270.1504	316087172632.2539	793459.2725343751	-981845.9059568698
389	8.502872884252994e+39	-9064442757721.094	-1363187321871.83	892596.0304457697	-19034.367593695642
390	9.83584122384015e+39	-7299894230507.074	-8922697461226.04	715454.0299381763	-939151.5764857015
391	3.435951219067309e+39	1866475838353.498	-2489367145356.425	59672.327829549555	432213.3441865139
392	1.2887150254615221e+39	8572309452913.664	2592471667091.6953	-335299.7162203799	48779.286085271975
393	7.245223762905552e+39	592631997658.6641	4532333864559.367	-72154.43798820337	130941.00037671719
394	5.783863145119687e+39	2354602092883.4043	-3146467264290.0293	-523037.1316740021	-268644.76440561295
395	3.2037865168690086e+39	6192322287926.764	-7440996779079.703	-317227.4579573397	-824370.3093590926
396	9.512653256731581e+39	933091697494.1797	3242116914176.8574	348543.20105998614	904511.9941160493
397	6.443785770594698e+39	9078183078880.984	6414536301804.936	-286488.4605784655	541281.3872178011
398	1.0486847406033872e+39	1525434542172.3809	8859323536961.305	-42972.78419774212	130795.04941230337
399	9.61404405150224e+39	-2889007309402.549	4622491192808.684	-22901.416963995667	-754797.2068333755
400	7.646787709881573e+39	8619765651269.266	9490703011285.105	-565357.2110968423	-533347.8685679825
401	4.6059281491133496e+39	-2615429401867.584	1040242060073.1738	-886191.342396645	213049.36140615284
402	7.146253970646965e+39	-2555442999239.1885	-8611163982893.635	-439039.8520268381	240493.26298851916
403	8.971062464560783e+39	9222703756992.629	-8719944414607.945	118652.79556926363	546170.7553700544
404	3.7173381118258785e+39	-9509131050219.186	2673644061763.8535	654830.2283632238	-909593.2337659578
405	7.51579598384604e+39	-4619062019557.815	-2475751693638.4883	-793520.747886936	-394318.36485523067
406	3.2976421653209567e+39	3938449141173.8047	4791918858756.559	-104581.71057841193	358679.31435770006
407	7.622918212800789e+38	-4314090674192.4346	9550844822452.773	-471930.82814954605	-495088.7466452418
408	4.3632462287626485e+39	-4898292685554.966	-6968736022006.748	-807600.9488488736	934900.0177683998
409	2.260612958338365e+39	4247891115222.6543	3196765991908.801	513298.07253729715	-150237.59983953263
410	3.978834819468691e+39	9706623165954.82	8063400639385.637	94518.41335836076	-146743.54187740968
411	6.50715234746492e+39	-2857603576132.532	-8189842298091.567	-443923.08026412164	254765.20031651738
412	4.0207000765907544e+39	893233273724.2129	-5465281621604.691	-858884.0700323677	-356354.70579969743
413	3.4127345567112577e+39	-1094489549581.0918	7927396172740.336	-157164.15503435547	548704.5262082445
414	6.705569461862173e+39	-632043220827.623	5853412601749.211	383995.06042803917	-175574.7723503342
415	7.618793638692839e+39	-188472602262.70508	7981947375875.648	847224.5923673094	-938192.8902245073
416	6.896180586416224e+39	-6372072616850.804	3284622753052.3555	-892269.8153675215	651048.5327814633
417	5.979323641715078e+39	3933178077247.6973	-5064683351265.824	309991.4062856608	685784.8197213884
418	6.770304643229397e+38	-8733908769044.363	-1046464530627.2012	-664688.9889719638	-284062.0274976096
419	8.216930788597238e+39	-1209522229334.4014	6926282729159.643	227921.28245014162	-59568.37858852034
420	1.7581175942733684e+39	-4337951874566.426	-5005857227923.714	139581.56055023358	465827.9746559956
421	6.165766321921429e+38	2234175651090.293	-7186191885582.467	887316.4411900681	104252.73053683178
422	7.190491831064383e+39	4572263227168.449	1482596186778.6152	769655.6945356934	270726.8463262848
423	3.006681144919797e+39	6175248001190.424	8288545292150.141	-366101.6411681712	98495.69370224071
424	3.5229078695153924e+39	-9597808788813.742	9243566597965.836	-572540.6467829044	-827491.789984084
425	3.808392822039065e+39	5084346223088.186	3741670008455.545	609904.975732978	-84424.9688782792
426	2.2634798711701444e+39	3803840310491.8438	-2146284758403.1738	-486806.85719157266	-891854.6797098386
427	5.619391562870574e+39	2694715724086.4844	1389887476967.6758	295750.5876652084	-74392.00385079929
428	9.581034018805614e+39	5039729418733.355	-3998160107752.38	-93263.72901200573	-298988.06382958405
429	7.628022102262574e+39	6135905870501.096	-7234763216888.611	-66694.4439994623	-801650.1411193655
430	5.567851485026767e+39	-4432280078950.466	-1181258444238.7324	-732242.5999482113	681803.3831286957
431	2.917583971846739e+39	-4083202222730.715	-2990828534000.6934	-45628.534470606246	-952208.7426184698
432	2.9507126890440896e+39	3559376076211.3496	494433854218.3613	319664.90169350826	-277824.4856360161
433	4.898968324835706e+38	6653480375141.449	-4659985455553.391	-794774.7616127725	43463.58921537455
434	7.068519672145716e+39	-1348046543733.7559	-5369981843389.968	-625435.2934937149	548609.8106136792
435	3.5981081509287715e+39	-8965388405309.305	7281134537341.762	-853452.6561746814	920344.7133163994
436	2.8316391729936873e+39	-3921195981378.3203	7075043008742.105	-625988.2319032435	-814239.0647457287
437	7.384689652191019e+39	-7733664174264.432	-6871099248412.371	-377907.88709805696	81866.96584664797
438	8.050969249846152e+38	247724863387.85938	-5973138140473.262	380546.2201407037	264837.45516429446
439	9.594999798791116e+39	2963926416139.8047	-7279318566420.85	773830.608657524	129856.19550596154
440	2.893230173555763e+39	4024395503830.4336	-947080098301.2344	-40493.1954079686	-279034.1322350269
441	8.540449620516995e+39	-2034828901560.539	5091470718281.568	-355709.0006436199	9589.285408918979
442	1.6221241308601252e+39	4876018007153.238	4039442988736.783	-882929.1361639265	-708255.7229166427
443	8.861700679856409e+39	9153540063477.184	-1688734917532.788	999034.2872197547	-976938.0216574237
444	8.036184803157193e+39	-5257403187366.904	-4549943298829.349	-920680.713092439	464756.37078855024
445	9.454644815475374e+39	-1481855662052.0938	-6935984209927.846	-562873.1680155895	119934.91543120053
446	4.343539565165177e+39	-5643236371066.66	2313578670831.2812	639041.0002103646	536219.839109798
447	6.265553503375035e+39	-2946097536635.623	1346777407520.127	645161.8687479217	539940.2997014467
448	3.940502120218552e+39	-6434593963708.057	723491567306.9883	10951.90554593259	-164244.74966969353
449	1.1704357381392672e+39	-472312050192.03906	-6037118784067.898	-713655.0253362593	543269.0489651435
450	5.688111676629079e+39	-2280144640303.7227	-6683124650109.671	-164281.16963711474	671367.4769250082
451	5.2236602142593513e+39	7759137762689.773	3404949520976.881	272606.3460599347	841715.5481102508
452	7.573075768157998e+39	7201428846987.691	9033933399974.438	-751569.5067963679	267920.47605315945
453	7.398652468519398e+39	-5324967246090.269	-4907775956357.104	777289.428064819	-952260.1527743804
454	2.766928674030213e+39	2966410307806.9688	-799290327628.5664	212007.4669759313	-120261.71460788592
455	2.666832817471282e+39	7815323246668.234	5524460556548.816	990717.382609085	-400455.65480716317
456	5.18732727977579e+39	-2453079404925.0156	269775113883.9707	-929714.7905277634	-436371.26027474785
457	7.103663426551711e+39	4080778691965.8613	9562806367555.094	-975395.6628479536	268965.127874597
458	8.989218424908116e+39	7942231521302.395	5560323924424.043	-85422.1065168574	-632286.2503545806
459	2.6578882865399533e+39	-6611789098162.73	-2214242093779.5166	-839025.0229196163	43863.169671222335
460	6.876858798822549e+39	-9792332473583.178	9369494361848.172	-165747.26895596297	-306514.4444657129
461	8.33228684231582e+39	-6079431496055.179	-9916983040714.377	-638276.1047257935	-652592.2987833077
462	6.996738593411878e+38	3029264694400.285	532263635048.80273	575130.4332826268	525685.7720383082
463	8.70628237967851e+38	-4014679231524.2314	-5092990393044.945	-667428.4388198717	-332899.23930320016
464	3.78564081791101e+39	-5231790319570.233	-5330416961401.336	95474.09261283255	-888215.9488338779
465	9.574293998017204e+39	-4532355576062.226	-9000231835686.479	595916.4412040608	383438.6432685598
466	3.330293657025588e+39	9263350072376.809	-9530822883820.879	254983.00052895606	361406.03260313487
467	1.3911078425934364e+39	-1689803393450.3486	-5377694107628.959	673580.2640799799	-747155.0024907184
468	8.802110070970848e+39	8249416521638.445	-847438380574.4824	-871671.0816430749	-508936.4235611589
469	3.2396192258327404e+39	-1140280288458.666	7504129041753.451	918861.805717526	-843402.3836410991
470	8.261692820354184e+39	-3124349831272.581	-857429155019.8203	-924582.5806475658	485346.4347255102
471	8.858304763325389e+39	-1702283261085.7002	-9906839032663.207	666938.9818122026	647391.9601759731
472	2.1287764594977354e+39	1896140839483.0254	2279759669544.7324	950542.4954006257	766859.8148978269
473	3.504098296978877e+39	3611193052256.6113	-8176846014749.368	257910.65793044493	693174.3461912242
474	5.527275181611391e+38	-8762978332451.738	-8927415943315.012	-953453.5178168011	-826401.8708852226
475	1.302339212062611e+39	354748203958.25586	2549648403192.49	788696.6224880384	935983.545494823
476	5.092446588133995e+39	-9074855291398.254	1393171917025.0508	96452.04630527296	456612.59199888585
477	7.358783904181153e+39	5297444392785.434	-5896044848529.394	935620.5591385944	-693173.5783002435
478	2.1107274633901907e+39	3798892408804.451	8426536754292.176	-322466.2190258036	874501.0634429881
479	2.6521327878278368e+39	2507209731502.258	5582050116834.43	-819521.7274746047	204184.16014501266
480	4.4786105004779657e+39	-7677790876292.601	-5270559314364.509	522660.7410275666	-737673.9868139866
481	8.704090172464452e+39	-1029910297354.4336	5349871849266.527	193483.30398634542	-828237.82717413
482	9.174282099725703e+39	9045143877163.324	-742880353857.1289	-785414.8891151178	20724.849081613473
483	6.50510369861413e+39	-3917269307943.1055	-9287766763445.92	279071.7759836097	-331037.78648448
484	5.962770669543555e+39	-4320503299132.912	-5489519345973.975	621371.6731039737	804205.4914756697
485	9.228463067170463e+39	-5290142242739.673	-243304300115.15234	-796192.6074567374	603403.136617674
486	2.218473379401359e+39	9948332192133.691	6132275586896.596	90913.66960619926	66919.65955071547
487	5.38647566237614e+39	3205600352152.7754	9756086341059.95	-492879.301083309	-461306.24479251204
488	2.0323006162303282e+39	-5604183742535.172	-2578863342797.7324	249962.97097098292	181017.00708780088
489	7.732682423071672e+39	9856083971688.992	4674130620282.818	278963.5713677888	-840531.7807556385
490	4.9339868046183803e+39	2619231567305.4863	-8985560360292.146	-386701.73518165015	-168907.84641590866
491	5.677248745345557e+39	3013579043017.158	-886593715075.375	491987.44311169	-150868.3700489417
492	8.909857398116228e+39	6389969548537.037	-3397073330442.0195	801831.2940256807	918183.7386598778
493	8.476453961351452e+39	1632867385497.668	955100652414.9258	-377535.1691457842	-312782.55446760554
494	2.9133255188469775e+39	-332056476141.63477	-8468229349377.637	321716.48058237205	944213.1154593315
495	3.5379922284013275e+39	5131422718269.639	2540523868545.912	224001.72220617975	-678661.3062651261
496	7.008345676534983e+39	3377757472700.756	-5505078097331.009	-198348.2427084149	39001.85302773386
497	3.8173188320908246e+39	-7600058047440.792	-184913066546.88867	-513582.72941749217	-294583.84660559904
498	3.7402704076310525e+39	6663482405316.197	-5331225562418.638	-586265.1127197806	-574316.420364725
499	7.391273526420121e+39	1801359535323.6094	234054701955.23242	56317.24009235599	-395959.09870960645
